{"stats":{"minecraft:used":{"minecraft:dirt":1},"minecraft:mined":{"minecraft:grass_block":1},"minecraft:picked_up":{"minecraft:dirt":1},"minecraft:custom":{"minecraft:jump":28,"minecraft:time_since_rest":5162,"minecraft:leave_game":2,"minecraft:crouch_one_cm":39,"minecraft:play_time":5162,"minecraft:sprint_one_cm":2421,"minecraft:damage_taken":50,"minecraft:time_since_death":5162,"minecraft:walk_one_cm":1146,"minecraft:sneak_time":9,"minecraft:total_world_time":5162,"minecraft:fall_one_cm":2465,"minecraft:fly_one_cm":2546}},"DataVersion":3953}