{"stats":{"minecraft:custom":{"minecraft:time_since_rest":17515,"minecraft:interact_with_furnace":11,"minecraft:sprint_one_cm":52224,"minecraft:damage_taken":726,"minecraft:walk_one_cm":25925,"minecraft:mob_kills":17,"minecraft:drop":4,"minecraft:damage_dealt":1785,"minecraft:swim_one_cm":13701,"minecraft:interact_with_crafting_table":15,"minecraft:fly_one_cm":32942,"minecraft:crouch_one_cm":9581,"minecraft:play_time":17515,"minecraft:sneak_time":3535,"minecraft:walk_under_water_one_cm":3546,"minecraft:jump":199,"minecraft:leave_game":1,"minecraft:time_since_death":17515,"minecraft:walk_on_water_one_cm":3762,"minecraft:total_world_time":17515,"minecraft:fall_one_cm":4426},"minecraft:crafted":{"minecraft:oak_planks":40,"minecraft:stone_shovel":1,"minecraft:crafting_table":1,"minecraft:stick":8,"minecraft:wooden_pickaxe":1,"minecraft:stone_pickaxe":1,"minecraft:furnace":1,"minecraft:cooked_salmon":6,"minecraft:stone_axe":1,"minecraft:cooked_mutton":1,"minecraft:air":0},"minecraft:dropped":{"minecraft:cobblestone":3,"minecraft:lily_of_the_valley":1},"minecraft:killed":{"minecraft:skeleton":1,"minecraft:zombie":5,"minecraft:salmon":9,"minecraft:spider":2},"minecraft:mined":{"minecraft:furnace":1,"minecraft:iron_ore":2,"minecraft:lily_of_the_valley":1,"minecraft:crafting_table":2,"minecraft:short_grass":3,"minecraft:coal_ore":17,"minecraft:grass_block":4,"minecraft:oak_log":28,"minecraft:dirt":12,"minecraft:stone":33,"minecraft:sugar_cane":6,"minecraft:oak_leaves":1},"minecraft:used":{"minecraft:cooked_mutton":1,"minecraft:apple":1,"minecraft:stone_pickaxe":22,"minecraft:wooden_pickaxe":31,"minecraft:cooked_salmon":6,"minecraft:rotten_flesh":4,"minecraft:stone_axe":58,"minecraft:dirt":4,"minecraft:crafting_table":2,"minecraft:furnace":1},"minecraft:picked_up":{"minecraft:raw_iron":2,"minecraft:stick":10,"minecraft:crafting_table":2,"minecraft:salmon":6,"minecraft:oak_log":53,"minecraft:lily_of_the_valley":1,"minecraft:string":4,"minecraft:dirt":16,"minecraft:bone":1,"minecraft:rotten_flesh":6,"minecraft:apple":1,"minecraft:oak_sapling":45,"minecraft:coal":17,"minecraft:sugar_cane":13,"minecraft:birch_sapling":10,"minecraft:cobblestone":33,"minecraft:furnace":1}},"DataVersion":3953}