{"stats":{"minecraft:custom":{"minecraft:time_since_rest":8051,"minecraft:crouch_one_cm":3865,"minecraft:sprint_one_cm":18863,"minecraft:play_time":8051,"minecraft:damage_taken":80,"minecraft:walk_one_cm":8307,"minecraft:walk_under_water_one_cm":2388,"minecraft:sneak_time":1930,"minecraft:mob_kills":6,"minecraft:jump":65,"minecraft:damage_dealt":351,"minecraft:walk_on_water_one_cm":531,"minecraft:leave_game":1,"minecraft:time_since_death":8051,"minecraft:total_world_time":8051,"minecraft:swim_one_cm":6261,"minecraft:interact_with_crafting_table":2,"minecraft:fall_one_cm":1674,"minecraft:fly_one_cm":13401},"minecraft:crafted":{"minecraft:oak_planks":40,"minecraft:stone_shovel":1,"minecraft:stone_axe":1,"minecraft:crafting_table":1,"minecraft:stick":8,"minecraft:stone_pickaxe":1,"minecraft:wooden_pickaxe":1},"minecraft:killed":{"minecraft:zombie":1,"minecraft:salmon":5},"minecraft:mined":{"minecraft:short_grass":2,"minecraft:grass_block":3,"minecraft:oak_log":28,"minecraft:dirt":12,"minecraft:stone":31,"minecraft:crafting_table":1,"minecraft:oak_leaves":1},"minecraft:used":{"minecraft:stone_axe":29,"minecraft:crafting_table":1,"minecraft:wooden_pickaxe":31},"minecraft:picked_up":{"minecraft:stick":4,"minecraft:crafting_table":1,"minecraft:salmon":2,"minecraft:rotten_flesh":1,"minecraft:apple":1,"minecraft:oak_log":28,"minecraft:oak_sapling":6,"minecraft:dirt":15,"minecraft:cobblestone":31}},"DataVersion":3953}