{"stats":{"minecraft:picked_up":{"minecraft:crafting_table":6,"minecraft:iron_chestplate":1,"minecraft:wheat":8,"minecraft:azure_bluet":1,"minecraft:redstone_block":35,"minecraft:amethyst_block":68,"minecraft:lapis_block":10,"minecraft:music_disc_cat":1,"minecraft:string":24,"minecraft:iron_axe":1,"minecraft:iron_leggings":1,"minecraft:cobbled_deepslate":90,"minecraft:beef":4,"minecraft:calcite":4,"minecraft:poppy":2,"minecraft:iron_pickaxe":1,"minecraft:sugar_cane":68,"minecraft:chest":1,"minecraft:birch_sapling":19,"minecraft:iron_boots":1,"minecraft:furnace":10,"minecraft:raw_iron":158,"minecraft:stick":70,"minecraft:torch":77,"minecraft:porkchop":8,"minecraft:diorite":2,"minecraft:carrot":81,"minecraft:redstone":334,"minecraft:iron_horse_armor":1,"minecraft:rotten_flesh":40,"minecraft:arrow":10,"minecraft:stone_shovel":1,"minecraft:beetroot_seeds":3,"minecraft:tuff_bricks":52,"minecraft:cobblestone":45,"minecraft:oxeye_daisy":2,"minecraft:birch_log":23,"minecraft:water_bucket":1,"minecraft:salmon":11,"minecraft:leather":8,"minecraft:potato":39,"minecraft:oak_log":245,"minecraft:gunpowder":16,"minecraft:lapis_lazuli":126,"minecraft:dirt":941,"minecraft:name_tag":2,"minecraft:bone":12,"minecraft:apple":5,"minecraft:wheat_seeds":45,"minecraft:raw_gold":118,"minecraft:iron_ingot":43,"minecraft:stone_pickaxe":1,"minecraft:oak_planks":11,"minecraft:cooked_porkchop":41,"minecraft:waxed_exposed_copper_bulb":3,"minecraft:dandelion":6,"minecraft:poisonous_potato":1,"minecraft:gravel":4,"minecraft:lily_of_the_valley":1,"minecraft:diamond":76,"minecraft:stone_axe":1,"minecraft:iron_helmet":1,"minecraft:diamond_axe":1,"minecraft:golden_apple":1,"minecraft:bread":46,"minecraft:oak_sapling":203,"minecraft:coal":134,"minecraft:diamond_pickaxe":1},"minecraft:killed":{"minecraft:spider":4,"minecraft:skeleton":5,"minecraft:pig":4,"minecraft:salmon":14,"minecraft:creeper":4,"minecraft:zombie":21,"minecraft:cow":3},"minecraft:broken":{"minecraft:stone_axe":1,"minecraft:iron_pickaxe":1,"minecraft:stone_shovel":1},"minecraft:killed_by":{"minecraft:creeper":1},"minecraft:mined":{"minecraft:oak_sapling":23,"minecraft:farmland":1,"minecraft:deepslate_diamond_ore":41,"minecraft:budding_amethyst":5,"minecraft:grass_block":758,"minecraft:tuff_bricks":26,"minecraft:redstone_ore":9,"minecraft:furnace":8,"minecraft:carrots":22,"minecraft:iron_ore":49,"minecraft:cobbled_deepslate":3,"minecraft:deepslate_lapis_ore":15,"minecraft:potatoes":10,"minecraft:deepslate_iron_ore":74,"minecraft:stone":42,"minecraft:deepslate_redstone_ore":63,"minecraft:waxed_exposed_copper_bulb":2,"minecraft:lily_of_the_valley":1,"minecraft:dandelion":3,"minecraft:crafting_table":6,"minecraft:torch":6,"minecraft:short_grass":117,"minecraft:calcite":2,"minecraft:poppy":2,"minecraft:cobblestone":4,"minecraft:tall_grass":9,"minecraft:deepslate_gold_ore":54,"minecraft:lapis_ore":1,"minecraft:sugar_cane":38,"minecraft:diorite":2,"minecraft:wall_torch":2,"minecraft:amethyst_block":34,"minecraft:wheat":8,"minecraft:coal_ore":51,"minecraft:oak_log":28,"minecraft:gravel":4,"minecraft:dirt":168,"minecraft:gold_ore":5,"minecraft:oak_leaves":2,"minecraft:deepslate":53},"minecraft:crafted":{"minecraft:oak_planks":68,"minecraft:stone_shovel":1,"minecraft:furnace":2,"minecraft:diamond_shovel":1,"minecraft:cooked_mutton":1,"minecraft:iron_boots":1,"minecraft:iron_axe":1,"minecraft:iron_hoe":1,"minecraft:stone_pickaxe":1,"minecraft:chest":3,"minecraft:redstone_block":35,"minecraft:cooked_beef":4,"minecraft:cooked_porkchop":7,"minecraft:diamond_axe":1,"minecraft:crafting_table":2,"minecraft:iron_helmet":1,"minecraft:wooden_pickaxe":1,"minecraft:cooked_salmon":11,"minecraft:bucket":1,"minecraft:stone_axe":2,"minecraft:bread":1,"minecraft:air":0,"minecraft:iron_chestplate":1,"minecraft:diamond_pickaxe":1,"minecraft:stick":40,"minecraft:iron_ingot":104,"minecraft:iron_pickaxe":2,"minecraft:gold_ingot":59,"minecraft:iron_leggings":1,"minecraft:torch":112,"minecraft:lapis_block":10},"minecraft:dropped":{"minecraft:iron_ingot":30,"minecraft:wheat_seeds":1,"minecraft:poisonous_potato":1,"minecraft:cobblestone":3,"minecraft:oxeye_daisy":2,"minecraft:dandelion":6,"minecraft:gravel":4,"minecraft:rotten_flesh":4,"minecraft:azure_bluet":1,"minecraft:lily_of_the_valley":1,"minecraft:poppy":2,"minecraft:stone_pickaxe":2},"minecraft:custom":{"minecraft:mob_kills":61,"minecraft:interact_with_crafting_table":38,"minecraft:leave_game":2,"minecraft:time_since_death":36549,"minecraft:climb_one_cm":88,"minecraft:sprint_one_cm":431710,"minecraft:walk_one_cm":269433,"minecraft:drop":18,"minecraft:play_time":114509,"minecraft:deaths":1,"minecraft:sneak_time":25655,"minecraft:walk_under_water_one_cm":11518,"minecraft:jump":1954,"minecraft:walk_on_water_one_cm":27100,"minecraft:total_world_time":114509,"minecraft:interact_with_furnace":68,"minecraft:sleep_in_bed":2,"minecraft:time_since_rest":12623,"minecraft:damage_taken":2848,"minecraft:damage_dealt":9300,"minecraft:swim_one_cm":32954,"minecraft:fly_one_cm":343033,"minecraft:open_chest":20,"minecraft:crouch_one_cm":104290,"minecraft:fall_one_cm":54659},"minecraft:used":{"minecraft:tuff_bricks":44,"minecraft:stone_shovel":134,"minecraft:chest":4,"minecraft:cooked_salmon":11,"minecraft:rotten_flesh":6,"minecraft:iron_chestplate":1,"minecraft:torch":65,"minecraft:dirt":892,"minecraft:carrot":81,"minecraft:iron_hoe":251,"minecraft:iron_axe":54,"minecraft:iron_boots":1,"minecraft:waxed_exposed_copper_bulb":1,"minecraft:furnace":10,"minecraft:cooked_beef":4,"minecraft:potato":39,"minecraft:cobbled_deepslate":44,"minecraft:wheat_seeds":44,"minecraft:cooked_mutton":1,"minecraft:water_bucket":25,"minecraft:diorite":1,"minecraft:stone_pickaxe":107,"minecraft:wooden_pickaxe":31,"minecraft:diamond_axe":38,"minecraft:sugar_cane":68,"minecraft:crafting_table":8,"minecraft:oak_log":6,"minecraft:diamond_pickaxe":2,"minecraft:apple":1,"minecraft:diamond_shovel":774,"minecraft:bread":18,"minecraft:iron_pickaxe":403,"minecraft:stone_axe":95,"minecraft:cobblestone":15,"minecraft:cooked_porkchop":8,"minecraft:bucket":26}},"DataVersion":3953}