{"stats":{"minecraft:custom":{"minecraft:interact_with_furnace":42,"minecraft:mob_kills":45,"minecraft:interact_with_crafting_table":26,"minecraft:leave_game":1,"minecraft:time_since_death":53515,"minecraft:climb_one_cm":88,"minecraft:time_since_rest":53515,"minecraft:sprint_one_cm":196160,"minecraft:damage_taken":1709,"minecraft:walk_one_cm":75966,"minecraft:drop":4,"minecraft:damage_dealt":6028,"minecraft:swim_one_cm":23401,"minecraft:fly_one_cm":160885,"minecraft:open_chest":1,"minecraft:crouch_one_cm":32341,"minecraft:play_time":53515,"minecraft:sneak_time":11331,"minecraft:walk_under_water_one_cm":11119,"minecraft:jump":1043,"minecraft:walk_on_water_one_cm":15841,"minecraft:total_world_time":53515,"minecraft:fall_one_cm":29362},"minecraft:crafted":{"minecraft:cooked_beef":4,"minecraft:oak_planks":40,"minecraft:stone_shovel":1,"minecraft:cooked_porkchop":7,"minecraft:crafting_table":1,"minecraft:iron_helmet":1,"minecraft:wooden_pickaxe":1,"minecraft:furnace":2,"minecraft:cooked_salmon":11,"minecraft:bucket":1,"minecraft:stone_axe":2,"minecraft:cooked_mutton":1,"minecraft:air":0,"minecraft:iron_boots":1,"minecraft:iron_chestplate":1,"minecraft:iron_axe":1,"minecraft:stick":16,"minecraft:iron_ingot":47,"minecraft:iron_pickaxe":1,"minecraft:stone_pickaxe":1,"minecraft:iron_leggings":1,"minecraft:torch":48},"minecraft:dropped":{"minecraft:cobblestone":3,"minecraft:lily_of_the_valley":1},"minecraft:broken":{"minecraft:stone_axe":1},"minecraft:killed":{"minecraft:pig":4,"minecraft:salmon":14,"minecraft:spider":2,"minecraft:creeper":3,"minecraft:skeleton":4,"minecraft:zombie":13,"minecraft:cow":3},"minecraft:mined":{"minecraft:deepslate_redstone_ore":18,"minecraft:deepslate_diamond_ore":20,"minecraft:lily_of_the_valley":1,"minecraft:torch":1,"minecraft:crafting_table":5,"minecraft:short_grass":4,"minecraft:grass_block":4,"minecraft:cobblestone":4,"minecraft:deepslate_gold_ore":23,"minecraft:lapis_ore":1,"minecraft:sugar_cane":6,"minecraft:diorite":2,"minecraft:tuff_bricks":16,"minecraft:redstone_ore":9,"minecraft:furnace":6,"minecraft:iron_ore":45,"minecraft:cobbled_deepslate":3,"minecraft:deepslate_lapis_ore":8,"minecraft:oak_log":28,"minecraft:coal_ore":51,"minecraft:deepslate_iron_ore":44,"minecraft:dirt":12,"minecraft:stone":41,"minecraft:gold_ore":5,"minecraft:oak_leaves":1,"minecraft:deepslate":35},"minecraft:picked_up":{"minecraft:crafting_table":5,"minecraft:salmon":11,"minecraft:leather":4,"minecraft:oak_log":53,"minecraft:gunpowder":4,"minecraft:lapis_lazuli":58,"minecraft:dirt":16,"minecraft:string":4,"minecraft:bone":4,"minecraft:apple":1,"minecraft:cobbled_deepslate":44,"minecraft:raw_gold":28,"minecraft:beef":4,"minecraft:iron_ingot":1,"minecraft:sugar_cane":13,"minecraft:birch_sapling":10,"minecraft:furnace":6,"minecraft:stick":10,"minecraft:raw_iron":89,"minecraft:cooked_porkchop":1,"minecraft:torch":1,"minecraft:porkchop":8,"minecraft:diorite":2,"minecraft:lily_of_the_valley":1,"minecraft:redstone":122,"minecraft:arrow":3,"minecraft:rotten_flesh":12,"minecraft:diamond":20,"minecraft:tuff_bricks":16,"minecraft:oak_sapling":87,"minecraft:coal":94,"minecraft:cobblestone":44},"minecraft:used":{"minecraft:tuff_bricks":2,"minecraft:cooked_mutton":1,"minecraft:diorite":1,"minecraft:stone_pickaxe":107,"minecraft:wooden_pickaxe":31,"minecraft:cooked_salmon":6,"minecraft:rotten_flesh":6,"minecraft:iron_chestplate":1,"minecraft:torch":26,"minecraft:dirt":16,"minecraft:crafting_table":5,"minecraft:apple":1,"minecraft:iron_axe":24,"minecraft:iron_pickaxe":193,"minecraft:iron_boots":1,"minecraft:stone_axe":95,"minecraft:cobblestone":15,"minecraft:furnace":6,"minecraft:cooked_porkchop":8,"minecraft:cooked_beef":4,"minecraft:cobbled_deepslate":44}},"DataVersion":3953}