{"stats":{"minecraft:custom":{"minecraft:time_since_rest":29515,"minecraft:interact_with_furnace":21,"minecraft:sprint_one_cm":123311,"minecraft:damage_taken":1051,"minecraft:walk_one_cm":38201,"minecraft:mob_kills":33,"minecraft:drop":4,"minecraft:damage_dealt":3436,"minecraft:swim_one_cm":19082,"minecraft:interact_with_crafting_table":18,"minecraft:fly_one_cm":114145,"minecraft:crouch_one_cm":13227,"minecraft:play_time":29515,"minecraft:sneak_time":4774,"minecraft:walk_under_water_one_cm":6929,"minecraft:jump":593,"minecraft:climb_one_cm":88,"minecraft:leave_game":1,"minecraft:time_since_death":29515,"minecraft:walk_on_water_one_cm":5701,"minecraft:total_world_time":29515,"minecraft:fall_one_cm":15071},"minecraft:crafted":{"minecraft:cooked_beef":4,"minecraft:oak_planks":40,"minecraft:stone_shovel":1,"minecraft:cooked_porkchop":2,"minecraft:crafting_table":1,"minecraft:iron_pickaxe":1,"minecraft:stick":8,"minecraft:iron_ingot":3,"minecraft:wooden_pickaxe":1,"minecraft:stone_pickaxe":1,"minecraft:furnace":1,"minecraft:cooked_salmon":6,"minecraft:stone_axe":2,"minecraft:cooked_mutton":1,"minecraft:air":0},"minecraft:dropped":{"minecraft:cobblestone":3,"minecraft:lily_of_the_valley":1},"minecraft:killed":{"minecraft:skeleton":1,"minecraft:pig":4,"minecraft:zombie":7,"minecraft:salmon":14,"minecraft:spider":2,"minecraft:creeper":2,"minecraft:cow":3},"minecraft:mined":{"minecraft:furnace":4,"minecraft:iron_ore":8,"minecraft:lily_of_the_valley":1,"minecraft:crafting_table":4,"minecraft:short_grass":4,"minecraft:coal_ore":45,"minecraft:grass_block":4,"minecraft:oak_log":28,"minecraft:dirt":12,"minecraft:lapis_ore":1,"minecraft:stone":39,"minecraft:sugar_cane":6,"minecraft:oak_leaves":1},"minecraft:used":{"minecraft:cooked_mutton":1,"minecraft:apple":1,"minecraft:stone_pickaxe":65,"minecraft:iron_pickaxe":1,"minecraft:wooden_pickaxe":31,"minecraft:cooked_salmon":6,"minecraft:rotten_flesh":6,"minecraft:stone_axe":85,"minecraft:dirt":10,"minecraft:crafting_table":4,"minecraft:furnace":4,"minecraft:cooked_porkchop":1,"minecraft:cooked_beef":4},"minecraft:picked_up":{"minecraft:raw_iron":8,"minecraft:stick":10,"minecraft:crafting_table":4,"minecraft:cooked_porkchop":1,"minecraft:salmon":11,"minecraft:leather":4,"minecraft:porkchop":8,"minecraft:oak_log":53,"minecraft:gunpowder":1,"minecraft:lapis_lazuli":5,"minecraft:lily_of_the_valley":1,"minecraft:string":4,"minecraft:dirt":16,"minecraft:bone":1,"minecraft:rotten_flesh":8,"minecraft:apple":1,"minecraft:iron_ingot":1,"minecraft:beef":4,"minecraft:oak_sapling":87,"minecraft:coal":45,"minecraft:sugar_cane":13,"minecraft:birch_sapling":10,"minecraft:cobblestone":38,"minecraft:furnace":4}},"DataVersion":3953}