{"stats":{"minecraft:custom":{"minecraft:interact_with_furnace":19,"minecraft:mob_kills":27,"minecraft:interact_with_crafting_table":9,"minecraft:leave_game":1,"minecraft:time_since_death":41877,"minecraft:climb_one_cm":87,"minecraft:time_since_rest":41877,"minecraft:sprint_one_cm":128495,"minecraft:damage_taken":1024,"minecraft:walk_one_cm":112485,"minecraft:drop":12,"minecraft:damage_dealt":2921,"minecraft:swim_one_cm":10344,"minecraft:fly_one_cm":219271,"minecraft:open_chest":22,"minecraft:crouch_one_cm":552,"minecraft:play_time":41877,"minecraft:sneak_time":457,"minecraft:walk_under_water_one_cm":18379,"minecraft:boat_one_cm":134618,"minecraft:jump":938,"minecraft:walk_on_water_one_cm":11452,"minecraft:total_world_time":41877,"minecraft:fall_one_cm":25974},"minecraft:crafted":{"minecraft:oak_planks":76,"minecraft:cooked_porkchop":8,"minecraft:crafting_table":3,"minecraft:birch_boat":1,"minecraft:iron_sword":1,"minecraft:cooked_salmon":3,"minecraft:birch_planks":16,"minecraft:cooked_mutton":5,"minecraft:air":0,"minecraft:oak_boat":1,"minecraft:stick":4,"minecraft:iron_pickaxe":1,"minecraft:stone_pickaxe":1,"minecraft:wooden_axe":1,"minecraft:chest":1,"minecraft:gold_ingot":27},"minecraft:dropped":{"minecraft:birch_sapling":13,"minecraft:oak_planks":2,"minecraft:filled_map":1,"minecraft:gray_wool":2,"minecraft:gunpowder":2,"minecraft:oak_sapling":47,"minecraft:string":2},"minecraft:killed":{"minecraft:pig":8,"minecraft:salmon":3,"minecraft:sheep":6,"minecraft:skeleton":1,"minecraft:zombie":1,"minecraft:cow":3},"minecraft:mined":{"minecraft:crafting_table":1,"minecraft:short_grass":6,"minecraft:grass_block":1,"minecraft:melon":12,"minecraft:oak_planks":8,"minecraft:sugar_cane":1,"minecraft:sandstone":23,"minecraft:jungle_sapling":1,"minecraft:iron_ore":1,"minecraft:gold_block":3,"minecraft:oak_log":5,"minecraft:coal_ore":6,"minecraft:cocoa":6,"minecraft:vine":2,"minecraft:dirt":3,"minecraft:sand":19,"minecraft:oak_leaves":2,"minecraft:fern":2},"minecraft:used":{"minecraft:cooked_mutton":4,"minecraft:birch_planks":8,"minecraft:stone_pickaxe":27,"minecraft:chest":1,"minecraft:birch_boat":2,"minecraft:sandstone":7,"minecraft:iron_sword":41,"minecraft:cooked_salmon":3,"minecraft:dirt":4,"minecraft:sand":19,"minecraft:lily_of_the_valley":1,"minecraft:crafting_table":5,"minecraft:jungle_sapling":1,"minecraft:wooden_axe":28,"minecraft:apple":1,"minecraft:bread":1,"minecraft:melon_slice":13,"minecraft:iron_pickaxe":7,"minecraft:porkchop":1,"minecraft:oak_sapling":2,"minecraft:cooked_porkchop":3,"minecraft:birch_log":9,"minecraft:oak_boat":1,"minecraft:golden_axe":11},"minecraft:picked_up":{"minecraft:birch_log":13,"minecraft:cocoa_beans":18,"minecraft:crafting_table":2,"minecraft:jungle_log":13,"minecraft:salmon":3,"minecraft:leather":6,"minecraft:gold_block":3,"minecraft:oak_log":19,"minecraft:gunpowder":1,"minecraft:dirt":4,"minecraft:string":2,"minecraft:bone":1,"minecraft:apple":3,"minecraft:beef":8,"minecraft:jungle_sapling":1,"minecraft:melon_slice":53,"minecraft:sugar_cane":3,"minecraft:birch_sapling":13,"minecraft:oak_planks":8,"minecraft:raw_iron":1,"minecraft:stick":17,"minecraft:sandstone":23,"minecraft:birch_boat":2,"minecraft:porkchop":16,"minecraft:sand":19,"minecraft:lily_of_the_valley":1,"minecraft:spider_eye":1,"minecraft:rotten_flesh":6,"minecraft:gray_wool":2,"minecraft:oak_sapling":49,"minecraft:black_wool":1,"minecraft:mutton":10,"minecraft:coal":6,"minecraft:white_wool":5,"minecraft:cobblestone":3}},"DataVersion":3953}