{"stats":{"minecraft:custom":{"minecraft:time_since_rest":17877,"minecraft:sprint_one_cm":46775,"minecraft:interact_with_furnace":13,"minecraft:damage_taken":515,"minecraft:walk_one_cm":37411,"minecraft:mob_kills":9,"minecraft:drop":2,"minecraft:damage_dealt":954,"minecraft:fly_one_cm":55486,"minecraft:swim_one_cm":8692,"minecraft:interact_with_crafting_table":5,"minecraft:open_chest":3,"minecraft:crouch_one_cm":138,"minecraft:play_time":17877,"minecraft:sneak_time":139,"minecraft:walk_under_water_one_cm":15300,"minecraft:boat_one_cm":77900,"minecraft:jump":313,"minecraft:leave_game":1,"minecraft:time_since_death":17877,"minecraft:walk_on_water_one_cm":6854,"minecraft:total_world_time":17877,"minecraft:fall_one_cm":7539},"minecraft:crafted":{"minecraft:oak_boat":1,"minecraft:oak_planks":20,"minecraft:cooked_porkchop":3,"minecraft:crafting_table":2,"minecraft:stick":4,"minecraft:wooden_axe":1,"minecraft:stone_pickaxe":1,"minecraft:cooked_salmon":3,"minecraft:cooked_mutton":4,"minecraft:air":0},"minecraft:dropped":{"minecraft:birch_sapling":4,"minecraft:oak_sapling":20},"minecraft:killed":{"minecraft:sheep":3,"minecraft:skeleton":1,"minecraft:pig":2,"minecraft:salmon":3},"minecraft:mined":{"minecraft:crafting_table":1,"minecraft:short_grass":1,"minecraft:grass_block":1,"minecraft:oak_log":5,"minecraft:sand":11,"minecraft:dirt":3,"minecraft:sugar_cane":1,"minecraft:sandstone":18,"minecraft:oak_leaves":2},"minecraft:used":{"minecraft:cooked_mutton":3,"minecraft:wooden_axe":19,"minecraft:stone_pickaxe":19,"minecraft:cooked_salmon":3,"minecraft:sand":11,"minecraft:dirt":4,"minecraft:lily_of_the_valley":1,"minecraft:crafting_table":2,"minecraft:oak_sapling":2,"minecraft:porkchop":1,"minecraft:oak_boat":1},"minecraft:picked_up":{"minecraft:sandstone":18,"minecraft:birch_log":13,"minecraft:stick":16,"minecraft:crafting_table":1,"minecraft:salmon":3,"minecraft:sand":11,"minecraft:porkchop":4,"minecraft:oak_log":19,"minecraft:lily_of_the_valley":1,"minecraft:dirt":4,"minecraft:apple":3,"minecraft:bone":1,"minecraft:rotten_flesh":5,"minecraft:gray_wool":1,"minecraft:oak_sapling":49,"minecraft:sugar_cane":3,"minecraft:birch_sapling":13,"minecraft:mutton":5,"minecraft:white_wool":2,"minecraft:cobblestone":3}},"DataVersion":3953}