{"stats":{"minecraft:custom":{"minecraft:time_since_rest":8413,"minecraft:crouch_one_cm":138,"minecraft:sprint_one_cm":31714,"minecraft:play_time":8413,"minecraft:damage_taken":190,"minecraft:walk_one_cm":17131,"minecraft:sneak_time":61,"minecraft:walk_under_water_one_cm":4794,"minecraft:mob_kills":6,"minecraft:jump":209,"minecraft:damage_dealt":624,"minecraft:leave_game":1,"minecraft:walk_on_water_one_cm":4643,"minecraft:time_since_death":8413,"minecraft:total_world_time":8413,"minecraft:swim_one_cm":3001,"minecraft:interact_with_crafting_table":1,"minecraft:fall_one_cm":5898,"minecraft:fly_one_cm":40410},"minecraft:crafted":{"minecraft:oak_planks":20,"minecraft:crafting_table":1,"minecraft:stick":4,"minecraft:wooden_axe":1},"minecraft:killed":{"minecraft:sheep":3,"minecraft:pig":2,"minecraft:salmon":1},"minecraft:mined":{"minecraft:grass_block":1,"minecraft:oak_log":5,"minecraft:dirt":3,"minecraft:crafting_table":1,"minecraft:oak_leaves":2},"minecraft:used":{"minecraft:wooden_axe":11,"minecraft:dirt":4,"minecraft:crafting_table":1,"minecraft:porkchop":1},"minecraft:picked_up":{"minecraft:crafting_table":1,"minecraft:salmon":1,"minecraft:porkchop":4,"minecraft:oak_log":5,"minecraft:gray_wool":1,"minecraft:dirt":4,"minecraft:mutton":5,"minecraft:white_wool":2}},"DataVersion":3953}