{"stats":{"minecraft:custom":{"minecraft:interact_with_furnace":28,"minecraft:mob_kills":27,"minecraft:interact_with_crafting_table":15,"minecraft:leave_game":2,"minecraft:time_since_death":55085,"minecraft:climb_one_cm":87,"minecraft:time_since_rest":55085,"minecraft:sprint_one_cm":159819,"minecraft:damage_taken":1165,"minecraft:walk_one_cm":166749,"minecraft:drop":15,"minecraft:damage_dealt":2941,"minecraft:talked_to_villager":1,"minecraft:swim_one_cm":10727,"minecraft:fly_one_cm":272370,"minecraft:open_chest":33,"minecraft:crouch_one_cm":832,"minecraft:play_time":55085,"minecraft:sneak_time":588,"minecraft:walk_under_water_one_cm":21514,"minecraft:boat_one_cm":134618,"minecraft:jump":1146,"minecraft:walk_on_water_one_cm":12203,"minecraft:total_world_time":55085,"minecraft:fall_one_cm":29794,"minecraft:horse_one_cm":69594},"minecraft:crafted":{"minecraft:cooked_beef":25,"minecraft:oak_planks":76,"minecraft:cooked_porkchop":28,"minecraft:crafting_table":3,"minecraft:birch_boat":1,"minecraft:iron_sword":1,"minecraft:cooked_salmon":3,"minecraft:birch_planks":16,"minecraft:bread":81,"minecraft:cooked_mutton":9,"minecraft:air":0,"minecraft:oak_boat":1,"minecraft:stick":4,"minecraft:mossy_cobblestone_slab":6,"minecraft:iron_pickaxe":1,"minecraft:stone_pickaxe":1,"minecraft:wooden_axe":1,"minecraft:chest":7,"minecraft:gold_ingot":27,"minecraft:wheat":243},"minecraft:dropped":{"minecraft:bread":56,"minecraft:cooked_porkchop":20,"minecraft:birch_sapling":13,"minecraft:oak_planks":2,"minecraft:filled_map":1,"minecraft:gray_wool":2,"minecraft:gunpowder":2,"minecraft:oak_sapling":47,"minecraft:string":2},"minecraft:killed":{"minecraft:pig":8,"minecraft:salmon":3,"minecraft:sheep":6,"minecraft:skeleton":1,"minecraft:zombie":1,"minecraft:cow":3},"minecraft:mined":{"minecraft:waxed_cut_copper_slab":1,"minecraft:oak_sapling":1,"minecraft:glass_pane":1,"minecraft:mossy_cobblestone":4,"minecraft:oak_fence":3,"minecraft:crafting_table":1,"minecraft:short_grass":7,"minecraft:grass_block":1,"minecraft:melon":12,"minecraft:chest":1,"minecraft:oak_pressure_plate":1,"minecraft:tall_grass":2,"minecraft:tuff_bricks":1,"minecraft:oak_planks":9,"minecraft:sugar_cane":1,"minecraft:sandstone":23,"minecraft:hay_block":27,"minecraft:carrots":3,"minecraft:jungle_sapling":2,"minecraft:wheat":3,"minecraft:iron_ore":1,"minecraft:gold_block":3,"minecraft:potatoes":1,"minecraft:oak_log":5,"minecraft:coal_ore":6,"minecraft:cocoa":6,"minecraft:vine":2,"minecraft:oak_stairs":2,"minecraft:dirt":3,"minecraft:sand":19,"minecraft:stone":1,"minecraft:oak_leaves":2,"minecraft:fern":2},"minecraft:used":{"minecraft:oak_fence":3,"minecraft:cooked_mutton":4,"minecraft:birch_planks":8,"minecraft:stone_pickaxe":27,"minecraft:chest":6,"minecraft:birch_boat":2,"minecraft:sandstone":7,"minecraft:iron_sword":41,"minecraft:cooked_salmon":3,"minecraft:dirt":4,"minecraft:sand":19,"minecraft:lily_of_the_valley":1,"minecraft:crafting_table":5,"minecraft:oak_log":1,"minecraft:jungle_sapling":2,"minecraft:wooden_axe":28,"minecraft:apple":1,"minecraft:oak_stairs":2,"minecraft:bread":1,"minecraft:melon_slice":13,"minecraft:iron_pickaxe":14,"minecraft:oak_pressure_plate":1,"minecraft:mossy_cobblestone_slab":4,"minecraft:waxed_cut_copper_slab":2,"minecraft:porkchop":1,"minecraft:oak_sapling":8,"minecraft:cooked_porkchop":4,"minecraft:birch_log":9,"minecraft:oak_boat":1,"minecraft:tuff_bricks":2,"minecraft:cooked_beef":1,"minecraft:potato":7,"minecraft:golden_axe":22},"minecraft:picked_up":{"minecraft:birch_log":13,"minecraft:cocoa_beans":18,"minecraft:crafting_table":2,"minecraft:jungle_log":13,"minecraft:salmon":3,"minecraft:leather":6,"minecraft:potato":1,"minecraft:oak_stairs":2,"minecraft:gold_block":3,"minecraft:oak_log":29,"minecraft:gunpowder":1,"minecraft:waxed_cut_copper_slab":2,"minecraft:dirt":4,"minecraft:string":2,"minecraft:bone":1,"minecraft:apple":3,"minecraft:wheat_seeds":3,"minecraft:beef":8,"minecraft:jungle_sapling":2,"minecraft:chest":1,"minecraft:melon_slice":53,"minecraft:sugar_cane":3,"minecraft:birch_sapling":13,"minecraft:oak_planks":9,"minecraft:raw_iron":1,"minecraft:stick":17,"minecraft:sandstone":23,"minecraft:birch_boat":2,"minecraft:oak_fence":3,"minecraft:oak_pressure_plate":1,"minecraft:porkchop":16,"minecraft:sand":19,"minecraft:carrot":3,"minecraft:lily_of_the_valley":1,"minecraft:mossy_cobblestone":4,"minecraft:spider_eye":1,"minecraft:rotten_flesh":6,"minecraft:hay_block":27,"minecraft:gray_wool":2,"minecraft:tuff_bricks":2,"minecraft:oak_sapling":55,"minecraft:black_wool":1,"minecraft:mutton":10,"minecraft:coal":6,"minecraft:white_wool":5,"minecraft:cobblestone":4}},"DataVersion":3953}