{"stats":{"minecraft:picked_up":{"minecraft:oak_log":1,"minecraft:wheat_seeds":2},"minecraft:used":{"minecraft:oak_log":1},"minecraft:mined":{"minecraft:short_grass":5,"minecraft:azalea_leaves":1,"minecraft:oak_log":1},"minecraft:custom":{"minecraft:jump":7,"minecraft:time_since_rest":563,"minecraft:leave_game":1,"minecraft:sprint_one_cm":3584,"minecraft:play_time":563,"minecraft:time_since_death":563,"minecraft:walk_one_cm":1186,"minecraft:total_world_time":563,"minecraft:fly_one_cm":872}},"DataVersion":3953}