{"stats":{"minecraft:custom":{"minecraft:time_since_rest":6213,"minecraft:crouch_one_cm":4398,"minecraft:sprint_one_cm":11955,"minecraft:play_time":6213,"minecraft:damage_taken":69,"minecraft:walk_one_cm":3896,"minecraft:sneak_time":1623,"minecraft:jump":58,"minecraft:damage_dealt":30,"minecraft:leave_game":1,"minecraft:time_since_death":6213,"minecraft:total_world_time":6213,"minecraft:interact_with_crafting_table":2,"minecraft:fall_one_cm":2544,"minecraft:fly_one_cm":8439},"minecraft:crafted":{"minecraft:oak_planks":64,"minecraft:stone_axe":1,"minecraft:crafting_table":1,"minecraft:stick":4,"minecraft:wooden_pickaxe":1,"minecraft:stone_pickaxe":1},"minecraft:mined":{"minecraft:short_grass":1,"minecraft:oak_log":21,"minecraft:stone":14,"minecraft:crafting_table":1},"minecraft:used":{"minecraft:stone_axe":7,"minecraft:crafting_table":1,"minecraft:wooden_pickaxe":14},"minecraft:picked_up":{"minecraft:crafting_table":1,"minecraft:stick":3,"minecraft:oak_log":21,"minecraft:cobblestone":14}},"DataVersion":3953}