{"stats":{"minecraft:custom":{"minecraft:interact_with_furnace":6,"minecraft:mob_kills":42,"minecraft:interact_with_crafting_table":12,"minecraft:leave_game":3,"minecraft:time_since_death":42992,"minecraft:sleep_in_bed":3,"minecraft:time_since_rest":4210,"minecraft:sprint_one_cm":236041,"minecraft:damage_taken":1260,"minecraft:walk_one_cm":137336,"minecraft:drop":27,"minecraft:damage_dealt":4522,"minecraft:swim_one_cm":5298,"minecraft:talked_to_villager":1,"minecraft:fly_one_cm":249938,"minecraft:open_chest":5,"minecraft:crouch_one_cm":11229,"minecraft:play_time":58201,"minecraft:deaths":2,"minecraft:sneak_time":4011,"minecraft:walk_under_water_one_cm":4840,"minecraft:jump":1331,"minecraft:walk_on_water_one_cm":4015,"minecraft:total_world_time":58201,"minecraft:fall_one_cm":32919},"minecraft:crafted":{"minecraft:oak_planks":344,"minecraft:stone_shovel":1,"minecraft:cooked_porkchop":2,"minecraft:crafting_table":3,"minecraft:wooden_pickaxe":1,"minecraft:furnace":1,"minecraft:stone_axe":3,"minecraft:air":0,"minecraft:iron_chestplate":1,"minecraft:stick":4,"minecraft:iron_ingot":3,"minecraft:iron_pickaxe":1,"minecraft:stone_pickaxe":1,"minecraft:iron_leggings":1,"minecraft:white_bed":1},"minecraft:killed_by":{"minecraft:creeper":1,"minecraft:zombie":1},"minecraft:dropped":{"minecraft:wheat_seeds":2,"minecraft:birch_sapling":11,"minecraft:feather":1,"minecraft:rotten_flesh":5,"minecraft:oxeye_daisy":1,"minecraft:dirt":2,"minecraft:brown_wool":3,"minecraft:oak_sapling":90,"minecraft:arrow":2,"minecraft:wooden_pickaxe":1,"minecraft:stone_pickaxe":1,"minecraft:white_wool":1,"minecraft:dandelion":1},"minecraft:broken":{"minecraft:stone_axe":1,"minecraft:stone_shovel":1},"minecraft:killed":{"minecraft:pig":10,"minecraft:sheep":8,"minecraft:zombie":4,"minecraft:chicken":2,"minecraft:drowned":3,"minecraft:cow":15},"minecraft:mined":{"minecraft:waxed_cut_copper_slab":2,"minecraft:white_bed":7,"minecraft:deepslate_diamond_ore":3,"minecraft:smoker":1,"minecraft:dandelion":1,"minecraft:brewing_stand":1,"minecraft:crafting_table":4,"minecraft:short_grass":37,"minecraft:grass_block":3,"minecraft:composter":4,"minecraft:oak_planks":3,"minecraft:oxeye_daisy":1,"minecraft:tuff_bricks":23,"minecraft:furnace":1,"minecraft:jungle_sapling":1,"minecraft:deepslate_lapis_ore":8,"minecraft:yellow_bed":4,"minecraft:deepslate_iron_ore":3,"minecraft:oak_log":21,"minecraft:dirt_path":11,"minecraft:dirt":2,"minecraft:stone":14,"minecraft:deepslate":16,"minecraft:oak_leaves":20},"minecraft:used":{"minecraft:stone_pickaxe":42,"minecraft:stone_shovel":163,"minecraft:oak_planks":16,"minecraft:wooden_pickaxe":14,"minecraft:cooked_salmon":1,"minecraft:rotten_flesh":4,"minecraft:iron_chestplate":1,"minecraft:dirt":15,"minecraft:mutton":11,"minecraft:crafting_table":5,"minecraft:oak_log":4,"minecraft:jungle_sapling":1,"minecraft:apple":7,"minecraft:chicken":1,"minecraft:iron_pickaxe":21,"minecraft:stone_axe":97,"minecraft:furnace":1,"minecraft:cooked_cod":3,"minecraft:porkchop":5,"minecraft:cooked_porkchop":2,"minecraft:yellow_bed":1},"minecraft:picked_up":{"minecraft:birch_log":225,"minecraft:crafting_table":4,"minecraft:feather":1,"minecraft:chicken":1,"minecraft:brown_wool":3,"minecraft:leather":16,"minecraft:wooden_pickaxe":2,"minecraft:smoker":1,"minecraft:oak_log":514,"minecraft:brewing_stand":1,"minecraft:yellow_bed":4,"minecraft:lapis_lazuli":47,"minecraft:dirt":17,"minecraft:apple":7,"minecraft:wheat_seeds":2,"minecraft:cobbled_deepslate":13,"minecraft:bell":1,"minecraft:iron_ingot":15,"minecraft:beef":29,"minecraft:stone_pickaxe":2,"minecraft:jungle_sapling":1,"minecraft:birch_sapling":42,"minecraft:oak_planks":723,"minecraft:furnace":1,"minecraft:stick":205,"minecraft:raw_iron":3,"minecraft:composter":4,"minecraft:dandelion":1,"minecraft:porkchop":20,"minecraft:white_bed":7,"minecraft:rotten_flesh":13,"minecraft:arrow":6,"minecraft:diamond":3,"minecraft:stone_axe":1,"minecraft:bread":28,"minecraft:oak_sapling":186,"minecraft:mutton":13,"minecraft:white_wool":7,"minecraft:cobblestone":21,"minecraft:oxeye_daisy":1}},"DataVersion":3953}