{"stats":{"minecraft:picked_up":{"minecraft:birch_log":225,"minecraft:crafting_table":5,"minecraft:azure_bluet":1,"minecraft:feather":2,"minecraft:chicken":1,"minecraft:brown_wool":3,"minecraft:leather":16,"minecraft:wooden_pickaxe":3,"minecraft:smoker":1,"minecraft:oak_log":514,"minecraft:red_bed":2,"minecraft:brewing_stand":1,"minecraft:yellow_bed":9,"minecraft:lapis_lazuli":47,"minecraft:cornflower":2,"minecraft:dirt":18,"minecraft:apple":7,"minecraft:wheat_seeds":2,"minecraft:cobbled_deepslate":16,"minecraft:bell":1,"minecraft:iron_ingot":15,"minecraft:beef":29,"minecraft:stone_pickaxe":3,"minecraft:jungle_sapling":1,"minecraft:poppy":2,"minecraft:birch_sapling":43,"minecraft:oak_planks":723,"minecraft:furnace":1,"minecraft:stick":205,"minecraft:raw_iron":3,"minecraft:composter":5,"minecraft:dandelion":1,"minecraft:porkchop":20,"minecraft:white_bed":25,"minecraft:arrow":6,"minecraft:rotten_flesh":15,"minecraft:diamond":3,"minecraft:stone_axe":1,"minecraft:bread":28,"minecraft:oak_sapling":238,"minecraft:mutton":13,"minecraft:white_wool":7,"minecraft:cobblestone":21,"minecraft:oxeye_daisy":2},"minecraft:killed":{"minecraft:pig":10,"minecraft:sheep":8,"minecraft:zombie":6,"minecraft:chicken":2,"minecraft:drowned":3,"minecraft:cow":15},"minecraft:broken":{"minecraft:stone_axe":1,"minecraft:stone_shovel":1},"minecraft:killed_by":{"minecraft:creeper":1,"minecraft:zombie":1},"minecraft:dropped":{"minecraft:wheat_seeds":2,"minecraft:cobbled_deepslate":9,"minecraft:birch_sapling":22,"minecraft:feather":2,"minecraft:rotten_flesh":7,"minecraft:stick":1,"minecraft:oxeye_daisy":1,"minecraft:dirt":3,"minecraft:brown_wool":3,"minecraft:oak_sapling":90,"minecraft:arrow":2,"minecraft:stone_pickaxe":2,"minecraft:wooden_pickaxe":2,"minecraft:bell":1,"minecraft:white_wool":1,"minecraft:dandelion":1},"minecraft:mined":{"minecraft:waxed_cut_copper_slab":2,"minecraft:white_bed":25,"minecraft:red_bed":2,"minecraft:deepslate_diamond_ore":3,"minecraft:smoker":1,"minecraft:dandelion":2,"minecraft:brewing_stand":1,"minecraft:cornflower":2,"minecraft:crafting_table":5,"minecraft:short_grass":43,"minecraft:grass_block":3,"minecraft:poppy":2,"minecraft:oak_planks":3,"minecraft:composter":5,"minecraft:oxeye_daisy":2,"minecraft:tuff_bricks":23,"minecraft:furnace":1,"minecraft:jungle_sapling":1,"minecraft:deepslate_lapis_ore":8,"minecraft:yellow_bed":9,"minecraft:azure_bluet":1,"minecraft:dirt_path":11,"minecraft:oak_log":21,"minecraft:deepslate_iron_ore":3,"minecraft:dirt":2,"minecraft:stone":14,"minecraft:oak_leaves":20,"minecraft:deepslate":19},"minecraft:crafted":{"minecraft:cooked_beef":1,"minecraft:red_dye":2,"minecraft:oak_planks":344,"minecraft:stone_shovel":1,"minecraft:cooked_porkchop":2,"minecraft:diamond_axe":1,"minecraft:crafting_table":3,"minecraft:wooden_pickaxe":1,"minecraft:iron_helmet":1,"minecraft:red_bed":2,"minecraft:furnace":1,"minecraft:blue_bed":2,"minecraft:stone_axe":3,"minecraft:air":0,"minecraft:blue_dye":4,"minecraft:iron_boots":1,"minecraft:iron_chestplate":1,"minecraft:shield":1,"minecraft:stick":8,"minecraft:iron_ingot":21,"minecraft:iron_pickaxe":1,"minecraft:stone_pickaxe":1,"minecraft:iron_leggings":1,"minecraft:light_gray_dye":2,"minecraft:white_bed":1},"minecraft:used":{"minecraft:oak_planks":16,"minecraft:stone_pickaxe":42,"minecraft:stone_shovel":163,"minecraft:wooden_pickaxe":14,"minecraft:blue_bed":2,"minecraft:diamond_axe":6,"minecraft:cooked_salmon":2,"minecraft:rotten_flesh":4,"minecraft:iron_chestplate":1,"minecraft:dirt":15,"minecraft:mutton":11,"minecraft:crafting_table":5,"minecraft:red_bed":3,"minecraft:white_bed":20,"minecraft:jungle_sapling":1,"minecraft:oak_log":4,"minecraft:apple":7,"minecraft:chicken":1,"minecraft:iron_pickaxe":24,"minecraft:stone_axe":97,"minecraft:cooked_cod":3,"minecraft:porkchop":5,"minecraft:furnace":1,"minecraft:cooked_porkchop":3,"minecraft:yellow_bed":7},"minecraft:custom":{"minecraft:interact_with_furnace":22,"minecraft:mob_kills":44,"minecraft:interact_with_crafting_table":16,"minecraft:leave_game":5,"minecraft:time_since_death":53234,"minecraft:sleep_in_bed":4,"minecraft:time_since_rest":912,"minecraft:sprint_one_cm":263111,"minecraft:damage_taken":1282,"minecraft:walk_one_cm":166354,"minecraft:drop":38,"minecraft:damage_dealt":4930,"minecraft:swim_one_cm":5298,"minecraft:talked_to_villager":4,"minecraft:fly_one_cm":290906,"minecraft:open_chest":9,"minecraft:play_time":68443,"minecraft:crouch_one_cm":11863,"minecraft:sneak_time":4203,"minecraft:deaths":2,"minecraft:walk_under_water_one_cm":4840,"minecraft:jump":1505,"minecraft:walk_on_water_one_cm":4015,"minecraft:total_world_time":68443,"minecraft:fall_one_cm":37583}},"DataVersion":3953}