{"stats":{"minecraft:custom":{"minecraft:time_since_rest":12506,"minecraft:sprint_one_cm":129419,"minecraft:damage_taken":925,"minecraft:walk_one_cm":41604,"minecraft:mob_kills":31,"minecraft:drop":11,"minecraft:damage_dealt":3502,"minecraft:interact_with_crafting_table":6,"minecraft:swim_one_cm":5298,"minecraft:fly_one_cm":107051,"minecraft:crouch_one_cm":4639,"minecraft:play_time":27677,"minecraft:deaths":2,"minecraft:sneak_time":1700,"minecraft:walk_under_water_one_cm":4840,"minecraft:jump":612,"minecraft:leave_game":1,"minecraft:time_since_death":12468,"minecraft:walk_on_water_one_cm":2289,"minecraft:total_world_time":27677,"minecraft:fall_one_cm":16894},"minecraft:crafted":{"minecraft:oak_planks":344,"minecraft:crafting_table":1,"minecraft:stick":4,"minecraft:wooden_pickaxe":1,"minecraft:stone_pickaxe":1,"minecraft:white_bed":1,"minecraft:stone_axe":3},"minecraft:killed_by":{"minecraft:creeper":1,"minecraft:zombie":1},"minecraft:dropped":{"minecraft:birch_sapling":10,"minecraft:oak_sapling":38,"minecraft:rotten_flesh":5,"minecraft:white_wool":1},"minecraft:killed":{"minecraft:sheep":7,"minecraft:zombie":4,"minecraft:pig":7,"minecraft:chicken":1,"minecraft:drowned":3,"minecraft:cow":9},"minecraft:mined":{"minecraft:crafting_table":3,"minecraft:short_grass":2,"minecraft:oak_log":21,"minecraft:stone":14,"minecraft:oak_leaves":9},"minecraft:used":{"minecraft:oak_log":4,"minecraft:apple":7,"minecraft:chicken":1,"minecraft:wooden_pickaxe":14,"minecraft:rotten_flesh":4,"minecraft:stone_axe":63,"minecraft:mutton":3,"minecraft:crafting_table":3},"minecraft:picked_up":{"minecraft:birch_log":225,"minecraft:stick":203,"minecraft:crafting_table":3,"minecraft:feather":1,"minecraft:chicken":1,"minecraft:brown_wool":1,"minecraft:leather":10,"minecraft:wooden_pickaxe":2,"minecraft:porkchop":16,"minecraft:oak_log":514,"minecraft:arrow":6,"minecraft:rotten_flesh":13,"minecraft:apple":7,"minecraft:stone_axe":1,"minecraft:beef":17,"minecraft:stone_pickaxe":2,"minecraft:oak_sapling":185,"minecraft:mutton":11,"minecraft:birch_sapling":42,"minecraft:oak_planks":670,"minecraft:white_wool":6,"minecraft:cobblestone":21}},"DataVersion":3953}