{"stats":{"minecraft:custom":{"minecraft:time_since_rest":506,"minecraft:sprint_one_cm":55733,"minecraft:damage_taken":770,"minecraft:walk_one_cm":21621,"minecraft:mob_kills":8,"minecraft:drop":10,"minecraft:damage_dealt":1524,"minecraft:interact_with_crafting_table":5,"minecraft:swim_one_cm":5298,"minecraft:fly_one_cm":38008,"minecraft:crouch_one_cm":4639,"minecraft:play_time":15677,"minecraft:deaths":2,"minecraft:sneak_time":1700,"minecraft:walk_under_water_one_cm":4840,"minecraft:jump":265,"minecraft:leave_game":1,"minecraft:time_since_death":468,"minecraft:walk_on_water_one_cm":2015,"minecraft:total_world_time":15677,"minecraft:fall_one_cm":8048},"minecraft:crafted":{"minecraft:oak_planks":344,"minecraft:crafting_table":1,"minecraft:stick":4,"minecraft:wooden_pickaxe":1,"minecraft:stone_pickaxe":1,"minecraft:stone_axe":3},"minecraft:killed_by":{"minecraft:creeper":1,"minecraft:zombie":1},"minecraft:dropped":{"minecraft:birch_sapling":10,"minecraft:oak_sapling":38,"minecraft:rotten_flesh":5},"minecraft:killed":{"minecraft:zombie":4,"minecraft:drowned":3,"minecraft:cow":1},"minecraft:mined":{"minecraft:crafting_table":2,"minecraft:short_grass":1,"minecraft:oak_log":21,"minecraft:stone":14,"minecraft:oak_leaves":7},"minecraft:used":{"minecraft:oak_log":4,"minecraft:apple":7,"minecraft:wooden_pickaxe":14,"minecraft:stone_axe":32,"minecraft:crafting_table":2},"minecraft:picked_up":{"minecraft:birch_log":150,"minecraft:stick":138,"minecraft:crafting_table":2,"minecraft:leather":1,"minecraft:wooden_pickaxe":1,"minecraft:oak_log":372,"minecraft:arrow":4,"minecraft:rotten_flesh":9,"minecraft:apple":7,"minecraft:beef":1,"minecraft:stone_pickaxe":1,"minecraft:oak_sapling":134,"minecraft:birch_sapling":31,"minecraft:oak_planks":335,"minecraft:cobblestone":19}},"DataVersion":3953}