{"stats":{"minecraft:custom":{"minecraft:interact_with_furnace":2,"minecraft:mob_kills":42,"minecraft:interact_with_crafting_table":7,"minecraft:leave_game":2,"minecraft:time_since_death":35847,"minecraft:sleep_in_bed":2,"minecraft:time_since_rest":12763,"minecraft:sprint_one_cm":223324,"minecraft:damage_taken":1135,"minecraft:walk_one_cm":128420,"minecraft:drop":12,"minecraft:damage_dealt":4522,"minecraft:swim_one_cm":5298,"minecraft:talked_to_villager":1,"minecraft:fly_one_cm":238401,"minecraft:open_chest":3,"minecraft:crouch_one_cm":7974,"minecraft:play_time":51056,"minecraft:deaths":2,"minecraft:sneak_time":2612,"minecraft:walk_under_water_one_cm":4840,"minecraft:jump":1225,"minecraft:walk_on_water_one_cm":2405,"minecraft:total_world_time":51056,"minecraft:fall_one_cm":30651},"minecraft:crafted":{"minecraft:oak_planks":344,"minecraft:stone_shovel":1,"minecraft:cooked_porkchop":2,"minecraft:crafting_table":2,"minecraft:wooden_pickaxe":1,"minecraft:stone_axe":3,"minecraft:air":0,"minecraft:stick":4,"minecraft:stone_pickaxe":1,"minecraft:white_bed":1},"minecraft:killed_by":{"minecraft:creeper":1,"minecraft:zombie":1},"minecraft:dropped":{"minecraft:birch_sapling":10,"minecraft:rotten_flesh":5,"minecraft:oak_sapling":38,"minecraft:white_wool":1,"minecraft:dandelion":1},"minecraft:broken":{"minecraft:stone_axe":1,"minecraft:stone_shovel":1},"minecraft:killed":{"minecraft:pig":10,"minecraft:sheep":8,"minecraft:zombie":4,"minecraft:chicken":2,"minecraft:drowned":3,"minecraft:cow":15},"minecraft:mined":{"minecraft:white_bed":7,"minecraft:smoker":1,"minecraft:dandelion":1,"minecraft:brewing_stand":1,"minecraft:crafting_table":4,"minecraft:short_grass":37,"minecraft:grass_block":3,"minecraft:composter":4,"minecraft:oak_planks":3,"minecraft:oxeye_daisy":1,"minecraft:tuff_bricks":7,"minecraft:jungle_sapling":1,"minecraft:yellow_bed":3,"minecraft:oak_log":21,"minecraft:dirt_path":11,"minecraft:dirt":2,"minecraft:stone":14,"minecraft:oak_leaves":20},"minecraft:used":{"minecraft:stone_pickaxe":13,"minecraft:stone_shovel":163,"minecraft:oak_planks":15,"minecraft:wooden_pickaxe":14,"minecraft:rotten_flesh":4,"minecraft:dirt":15,"minecraft:mutton":11,"minecraft:crafting_table":4,"minecraft:oak_log":4,"minecraft:jungle_sapling":1,"minecraft:apple":7,"minecraft:chicken":1,"minecraft:stone_axe":97,"minecraft:porkchop":5,"minecraft:cooked_porkchop":2},"minecraft:picked_up":{"minecraft:birch_log":225,"minecraft:crafting_table":4,"minecraft:feather":1,"minecraft:chicken":1,"minecraft:brown_wool":1,"minecraft:leather":16,"minecraft:wooden_pickaxe":2,"minecraft:smoker":1,"minecraft:oak_log":514,"minecraft:brewing_stand":1,"minecraft:yellow_bed":3,"minecraft:dirt":16,"minecraft:apple":7,"minecraft:wheat_seeds":1,"minecraft:bell":1,"minecraft:beef":29,"minecraft:stone_pickaxe":2,"minecraft:jungle_sapling":1,"minecraft:birch_sapling":42,"minecraft:oak_planks":673,"minecraft:stick":205,"minecraft:composter":4,"minecraft:dandelion":1,"minecraft:porkchop":20,"minecraft:white_bed":7,"minecraft:rotten_flesh":13,"minecraft:arrow":6,"minecraft:stone_axe":1,"minecraft:bread":28,"minecraft:oak_sapling":186,"minecraft:mutton":13,"minecraft:white_wool":7,"minecraft:cobblestone":21,"minecraft:oxeye_daisy":1}},"DataVersion":3953}