{"stats":{"minecraft:custom":{"minecraft:time_since_rest":1384,"minecraft:sprint_one_cm":175130,"minecraft:damage_taken":1035,"minecraft:walk_one_cm":69095,"minecraft:mob_kills":37,"minecraft:drop":11,"minecraft:damage_dealt":4042,"minecraft:interact_with_crafting_table":6,"minecraft:swim_one_cm":5298,"minecraft:fly_one_cm":173617,"minecraft:open_chest":1,"minecraft:crouch_one_cm":5421,"minecraft:play_time":39677,"minecraft:deaths":2,"minecraft:sneak_time":1897,"minecraft:walk_under_water_one_cm":4840,"minecraft:jump":961,"minecraft:leave_game":1,"minecraft:time_since_death":24468,"minecraft:walk_on_water_one_cm":2289,"minecraft:sleep_in_bed":2,"minecraft:total_world_time":39677,"minecraft:fall_one_cm":25821},"minecraft:crafted":{"minecraft:oak_planks":344,"minecraft:crafting_table":1,"minecraft:stick":4,"minecraft:wooden_pickaxe":1,"minecraft:stone_pickaxe":1,"minecraft:white_bed":1,"minecraft:stone_axe":3},"minecraft:killed_by":{"minecraft:creeper":1,"minecraft:zombie":1},"minecraft:dropped":{"minecraft:birch_sapling":10,"minecraft:oak_sapling":38,"minecraft:rotten_flesh":5,"minecraft:white_wool":1},"minecraft:killed":{"minecraft:sheep":7,"minecraft:zombie":4,"minecraft:pig":10,"minecraft:chicken":2,"minecraft:drowned":3,"minecraft:cow":11},"minecraft:mined":{"minecraft:crafting_table":3,"minecraft:short_grass":2,"minecraft:grass_block":3,"minecraft:oak_log":21,"minecraft:dirt":1,"minecraft:stone":14,"minecraft:oak_planks":1,"minecraft:oak_leaves":19},"minecraft:used":{"minecraft:oak_log":4,"minecraft:apple":7,"minecraft:chicken":1,"minecraft:oak_planks":11,"minecraft:wooden_pickaxe":14,"minecraft:rotten_flesh":4,"minecraft:stone_axe":75,"minecraft:mutton":11,"minecraft:crafting_table":3,"minecraft:porkchop":5},"minecraft:picked_up":{"minecraft:birch_log":225,"minecraft:stick":203,"minecraft:crafting_table":3,"minecraft:feather":1,"minecraft:chicken":1,"minecraft:brown_wool":1,"minecraft:leather":12,"minecraft:wooden_pickaxe":2,"minecraft:porkchop":20,"minecraft:oak_log":514,"minecraft:dirt":4,"minecraft:arrow":6,"minecraft:rotten_flesh":13,"minecraft:apple":7,"minecraft:stone_axe":1,"minecraft:beef":19,"minecraft:stone_pickaxe":2,"minecraft:oak_sapling":186,"minecraft:mutton":11,"minecraft:birch_sapling":42,"minecraft:oak_planks":671,"minecraft:white_wool":6,"minecraft:cobblestone":21}},"DataVersion":3953}