{"stats":{"minecraft:used":{"minecraft:oak_log":1},"minecraft:mined":{"minecraft:short_grass":5,"minecraft:azalea_leaves":1,"minecraft:oak_log":1},"minecraft:custom":{"minecraft:jump":7,"minecraft:time_since_rest":564,"minecraft:leave_game":2,"minecraft:play_time":564,"minecraft:sprint_one_cm":3584,"minecraft:time_since_death":564,"minecraft:walk_one_cm":1186,"minecraft:total_world_time":564,"minecraft:fly_one_cm":872},"minecraft:picked_up":{"minecraft:oak_log":1,"minecraft:wheat_seeds":2}},"DataVersion":3953}